Ticker,Name,Sector,Price,Market_Cap_B,PE,PBV,PS,EV_EBITDA,ROE,ROA,Net_Margin,Gross_Margin,DE_Ratio,Current_Ratio,Div_Yield,Avg_Volume_M
CPN,CPN_CENTRAL PATTANA,Real Estate,63.25,283.87,15.059525,2.5834253,5.244834,12.843,16.74,5.29,34.81,61.13,97.834,0.75,3.79,8.47
BDMS,BDMS_BANGKOK DUSIT MEDICAL,Healthcare,18.9,300.36,18.9,2.83656,2.6531973,11.852,15.3,8.14,14.0,37.05,15.896,0.978,4.23,81.83
PTTEP,PTTEP_PTT EXPLORATION AND,Energy,154.0,611.38,10.144927,1.1335471,71.404366,109.624,11.36,6.51,21.38,77.89,24.4,1.369,5.68,19.12
KTB,KTB_KRUNG THAI BANK,Financial Services,34.5,482.17,10.0,1.0387186,3.7128186,,11.02,1.36,37.14,0.0,,,10.48,59.76
SCB,SCB_SCB X,Financial Services,145.5,489.91,10.319149,0.9891029,3.7652633,,9.68,1.35,36.5,0.0,,,7.75,14.34
KBANK,KBANK_KASIKORNBANK,Financial Services,189.5,448.99,9.181202,0.77258956,2.9062877,,8.45,1.25,32.08,0.0,,,6.33,17.96
BBL,BBL_BANGKOK BANK,Financial Services,166.0,316.87,6.8879666,0.5521095,2.2259672,,8.19,1.01,32.32,0.0,,,9.94,13.14
TOP,TOP_THAI OIL,Energy,45.75,102.2,7.0061255,0.5943411,0.30880803,11.53,8.15,1.52,4.41,4.13,69.274,1.442,4.37,17.47
